dataset,dataset_id,available_scores,missing_scores,coverage,unique_observed_scores,observed_score_std,is_autodp60_holdout,included_in_ready_matrix,exclusion_reason
D_2,2,33,3,0.9166666666666666,16,0.05119893706596545,False,True,
D_3,3,36,0,1.0,11,0.013821655301062212,False,True,
D_4,4,33,3,0.9166666666666666,4,0.08526233846532391,False,True,
D_5,5,36,0,1.0,14,0.04285235453007651,False,True,
D_6,6,36,0,1.0,19,0.1699750980309095,False,True,
D_7,7,17,19,0.4722222222222222,6,0.05281188959279515,False,True,
D_8,8,36,0,1.0,8,0.04026471158268321,False,True,
D_9,9,36,0,1.0,18,0.10858723853468387,False,True,
D_10,10,36,0,1.0,8,0.06266447216013844,False,True,
D_11,11,36,0,1.0,4,0.08450378032306534,False,True,
D_12,12,36,0,1.0,17,0.05911464196848128,False,True,
D_13,13,36,0,1.0,8,0.03225566712736155,False,True,
D_14,14,36,0,1.0,15,0.013766124103737629,False,True,
D_15,15,36,0,1.0,8,0.023749925408642833,False,True,
D_16,16,36,0,1.0,16,0.036386967188443156,False,True,
D_18,18,36,0,1.0,19,0.0961557579344608,False,True,
D_20,20,36,0,1.0,15,0.07254428723966562,False,True,
D_22,22,36,0,1.0,18,0.038128162184181004,False,True,
D_23,23,36,0,1.0,16,0.016914329156189015,False,True,
D_24,24,36,0,1.0,14,0.037359727359752785,False,True,
D_25,25,33,3,0.9166666666666666,10,0.035624182098167964,False,True,
D_26,26,36,0,1.0,12,0.165499139809782,False,True,
D_27,27,33,3,0.9166666666666666,10,0.058039370078711135,False,True,
D_28,28,36,0,1.0,18,0.05452672354219454,False,True,
D_29,29,36,0,1.0,11,0.018809414470569507,False,True,
D_30,30,36,0,1.0,21,0.024670732898079733,False,True,
D_31,31,36,0,1.0,15,0.02811050723989077,True,False,AutoDP60 holdout (leakage guard)
D_32,32,36,0,1.0,17,0.053986702466532255,True,False,AutoDP60 holdout (leakage guard)
D_34,34,36,0,1.0,4,0.036125617008393895,False,True,
D_35,35,36,0,1.0,7,0.03159180211510253,False,True,
D_36,36,36,0,1.0,19,0.09493857419117695,True,False,AutoDP60 holdout (leakage guard)
D_37,37,36,0,1.0,9,0.0247653217738754,False,True,
D_38,38,36,0,1.0,16,0.014405230389379894,False,True,
D_39,39,36,0,1.0,12,0.036017193702143485,False,True,
D_40,40,36,0,1.0,8,0.055916564518117065,False,True,
D_41,41,36,0,1.0,11,0.07741972491939952,False,True,
D_42,42,36,0,1.0,14,0.09072010523359732,False,True,
D_43,43,35,1,0.9722222222222222,7,0.04520828928453722,False,True,
D_44,44,36,0,1.0,21,0.026543443982104734,False,True,
D_46,46,36,0,1.0,13,0.03339161963804591,False,True,
D_48,48,36,0,1.0,11,0.0788734089056107,False,True,
D_49,49,36,0,1.0,8,0.03354652775357562,False,True,
D_50,50,36,0,1.0,10,0.14105895358497575,False,True,
D_51,51,33,3,0.9166666666666666,9,0.055929349924359696,False,True,
D_52,52,33,3,0.9166666666666666,3,0.2777318603003539,False,True,
D_53,53,36,0,1.0,7,0.027528987984073352,False,True,
D_54,54,36,0,1.0,14,0.10750491625348133,False,True,
D_55,55,36,0,1.0,6,0.040817354745270165,False,True,
D_56,56,36,0,1.0,7,0.027331972616899992,False,True,
D_57,57,32,4,0.8888888888888888,17,0.009488423096254412,False,True,
D_59,59,36,0,1.0,13,0.0816288091436703,False,True,
D_60,60,36,0,1.0,8,0.00197417743458127,False,True,
D_61,61,36,0,1.0,4,0.027389258255090865,False,True,
D_62,62,4,32,0.1111111111111111,3,0.03535533905932737,False,True,
D_70,70,36,0,1.0,16,0.03660309092729876,False,True,
D_71,71,36,0,1.0,15,0.036582595116149134,False,True,
D_72,72,36,0,1.0,14,0.007380059469799493,False,True,
D_73,73,36,0,1.0,14,0.0228677086470296,False,True,
D_74,74,36,0,1.0,16,0.09261160684397081,False,True,
D_75,75,36,0,1.0,16,0.0654233306348586,False,True,
D_76,76,36,0,1.0,14,0.01832954506315481,False,True,
D_77,77,36,0,1.0,15,0.016065452543644675,False,True,
D_78,78,36,0,1.0,16,0.06155747966306884,False,True,
D_115,115,36,0,1.0,14,0.10405006807622313,False,True,
D_116,116,36,0,1.0,15,0.050361348592931524,False,True,
D_117,117,36,0,1.0,17,0.0492223476296371,False,True,
D_118,118,36,0,1.0,18,0.043640038177100236,False,True,
D_119,119,36,0,1.0,17,0.030546665373361117,False,True,
D_120,120,36,0,1.0,14,0.026062721118462754,False,True,
D_121,121,36,0,1.0,13,0.024794012494059013,False,True,
D_122,122,36,0,1.0,13,0.020332479490269333,False,True,
D_123,123,36,0,1.0,15,0.055455576704731155,False,True,
D_124,124,36,0,1.0,14,0.013271471073111843,False,True,
D_125,125,36,0,1.0,10,0.1937288339693168,False,True,
D_126,126,36,0,1.0,15,0.03220060337982339,False,True,
D_127,127,36,0,1.0,17,0.08133482751359757,False,True,
D_128,128,36,0,1.0,17,0.05918840888986271,False,True,
D_129,129,36,0,1.0,12,0.012671660808841172,False,True,
D_130,130,36,0,1.0,17,0.09723410641651047,False,True,
D_131,131,36,0,1.0,5,0.0009242113755341188,False,True,
D_132,132,36,0,1.0,12,0.02916940463339397,False,True,
D_133,133,36,0,1.0,16,0.09547355978114544,False,True,
D_134,134,36,0,1.0,18,0.03871073279251289,False,True,
D_135,135,36,0,1.0,14,0.05781597962501372,False,True,
D_136,136,36,0,1.0,14,0.014230981460648925,False,True,
D_137,137,36,0,1.0,15,0.02584717371181785,False,True,
D_138,138,36,0,1.0,13,0.008479232072729817,False,True,
D_139,139,36,0,1.0,14,0.01832194511615801,False,True,
D_140,140,36,0,1.0,16,0.017902513789968173,False,True,
D_141,141,36,0,1.0,16,0.0488654615585828,False,True,
D_142,142,36,0,1.0,16,0.011378280967605698,False,True,
D_143,143,36,0,1.0,11,0.005019329919372327,False,True,
D_144,144,36,0,1.0,6,0.0014302184068728763,False,True,
D_146,146,36,0,1.0,15,0.014731836483373001,False,True,
D_147,147,36,0,1.0,12,0.10925738031968818,False,True,
D_148,148,4,32,0.1111111111111111,4,0.010825317547305438,False,True,
D_149,149,36,0,1.0,19,0.030356663291159637,False,True,
D_150,150,36,0,1.0,18,0.012445777458367547,False,True,
D_151,151,36,0,1.0,16,0.02208294898337786,False,True,
D_152,152,36,0,1.0,2,0.008730533902472491,False,True,
D_153,153,36,0,1.0,2,0.03616935473881481,False,True,
D_154,154,36,0,1.0,11,0.008601742215144708,False,True,
D_155,155,36,0,1.0,17,0.012351681796819279,False,True,
D_156,156,36,0,1.0,20,0.03231054704918014,False,True,
D_157,157,36,0,1.0,20,0.04011675668179903,False,True,
D_158,158,36,0,1.0,19,0.04242257835541103,False,True,
D_159,159,36,0,1.0,14,0.006474248609817858,False,True,
D_160,160,36,0,1.0,15,0.005691123692987962,False,True,
D_161,161,36,0,1.0,2,0.00041573970964154934,False,True,
D_162,162,36,0,1.0,5,0.001356283957303746,False,True,
D_163,163,36,0,1.0,5,0.12766434874718582,False,True,
D_164,164,36,0,1.0,6,0.05684623325500217,False,True,
D_171,171,36,0,1.0,12,0.047883712637467664,False,True,
D_172,172,36,0,1.0,3,0.07856742013183862,False,True,
D_179,179,36,0,1.0,17,0.01501262328924201,True,False,AutoDP60 holdout (leakage guard)
D_180,180,36,0,1.0,21,0.025594942473991123,False,True,
D_181,181,36,0,1.0,17,0.033865872659067583,False,True,
D_182,182,36,0,1.0,18,0.015645375603601793,True,False,AutoDP60 holdout (leakage guard)
D_183,183,36,0,1.0,20,0.009472400982144382,True,False,AutoDP60 holdout (leakage guard)
D_184,184,36,0,1.0,13,0.07293361178767345,True,False,AutoDP60 holdout (leakage guard)
D_185,185,36,0,1.0,11,0.015796781602837758,False,True,
D_186,186,36,0,1.0,5,0.010080204702811433,False,True,
D_187,187,36,0,1.0,4,0.052081904415698155,False,True,
D_188,188,36,0,1.0,21,0.07323837158919498,False,True,
D_195,195,36,0,1.0,29,0.023710536627258416,False,True,
D_210,210,36,0,1.0,20,0.005797644261483322,False,True,
D_244,244,36,0,1.0,24,0.05061730051189129,False,True,
D_245,245,36,0,1.0,24,0.028629322682940824,False,True,
D_246,246,36,0,1.0,22,0.02433155752018402,False,True,
D_247,247,36,0,1.0,18,0.09210103734620427,False,True,
D_248,248,36,0,1.0,25,0.10318818958163674,False,True,
D_249,249,36,0,1.0,22,0.016402066265497717,False,True,
D_250,250,36,0,1.0,13,0.022262792826697263,False,True,
D_251,251,36,0,1.0,13,0.00985527996608299,False,True,
D_252,252,36,0,1.0,15,0.054241308969874884,False,True,
D_253,253,36,0,1.0,25,0.03257170390172623,False,True,
D_254,254,36,0,1.0,16,0.0610001707647883,False,True,
D_255,255,36,0,1.0,21,0.016040650520967113,False,True,
D_256,256,36,0,1.0,18,0.01060350949357081,False,True,
D_257,257,36,0,1.0,17,0.01432460974841705,False,True,
D_258,258,36,0,1.0,21,0.025282279818867326,False,True,
D_259,259,36,0,1.0,13,0.046441121624889496,False,True,
D_260,260,36,0,1.0,21,0.017418660172993292,False,True,
D_261,261,36,0,1.0,16,0.038797034378199716,False,True,
D_262,262,36,0,1.0,24,0.05346294291780147,False,True,
D_263,263,36,0,1.0,16,0.022342504335906472,False,True,
D_264,264,36,0,1.0,14,0.012948229060472686,False,True,
D_265,265,36,0,1.0,18,0.044647383897479236,False,True,
D_266,266,36,0,1.0,20,0.016315253599009746,False,True,
D_267,267,36,0,1.0,12,0.009174575712596902,False,True,
D_268,268,36,0,1.0,17,0.027972318768453033,False,True,
D_269,269,36,0,1.0,16,0.011153910624629483,False,True,
D_271,271,36,0,1.0,10,0.0029201037948743402,False,True,
D_272,272,4,32,0.1111111111111111,3,0.01446331566412074,False,True,
D_273,273,0,36,0.0,0,,False,False,no successful evaluation
D_274,274,0,36,0.0,0,,False,False,no successful evaluation
D_275,275,36,0,1.0,6,0.14333769086537115,False,True,
D_276,276,36,0,1.0,4,0.05698771316084857,False,True,
D_277,277,36,0,1.0,8,0.11902380714238084,False,True,
D_278,278,35,1,0.9722222222222222,7,0.11710800875382396,False,True,
D_279,279,36,0,1.0,20,0.15555247020749727,False,True,
D_285,285,36,0,1.0,11,0.09145026079821508,False,True,
D_293,293,0,36,0.0,0,,False,False,no successful evaluation
D_300,300,36,0,1.0,18,0.1428538059575005,False,True,
D_307,307,36,0,1.0,20,0.10859564594525346,False,True,
D_310,310,36,0,1.0,10,0.004569085598878245,True,False,AutoDP60 holdout (leakage guard)
D_311,311,36,0,1.0,9,0.037916141445493795,False,True,
D_312,312,36,0,1.0,13,0.04258976435743889,False,True,
D_313,313,36,0,1.0,17,0.12736839939278627,False,True,
D_316,316,36,0,1.0,3,0.0016594160117999312,False,True,
D_327,327,36,0,1.0,8,0.09467610495689098,False,True,
D_328,328,36,0,1.0,6,0.0958971902666236,False,True,
D_329,329,36,0,1.0,6,0.04744223410395732,False,True,
D_333,333,36,0,1.0,9,0.0611081114948735,False,True,
D_334,334,36,0,1.0,3,0.02022287928883865,False,True,
D_335,335,36,0,1.0,6,0.14729262894647985,False,True,
D_336,336,36,0,1.0,5,0.034812601472610345,False,True,
D_337,337,36,0,1.0,10,0.04607961386347553,False,True,
D_338,338,35,1,0.9722222222222222,9,0.06779050893431626,False,True,
D_339,339,36,0,1.0,4,0.08412528777490083,False,True,
D_340,340,36,0,1.0,5,0.09767211922128141,False,True,
D_342,342,36,0,1.0,4,0.0738596433350463,False,True,
D_343,343,36,0,1.0,6,0.10577462647033208,False,True,
D_346,346,36,0,1.0,5,0.07432826755699808,False,True,
D_350,350,0,36,0.0,0,,False,False,no successful evaluation
D_351,351,0,36,0.0,0,,False,False,no successful evaluation
D_354,354,0,36,0.0,0,,False,False,no successful evaluation
D_357,357,0,36,0.0,0,,False,False,no successful evaluation
D_373,373,36,0,1.0,21,0.08343175669186978,False,True,
D_375,375,36,0,1.0,16,0.051695414642516695,False,True,
D_377,377,36,0,1.0,10,0.043883296838622,False,True,
D_378,378,33,3,0.9166666666666666,15,0.013450518097763186,False,True,
D_381,381,33,3,0.9166666666666666,17,0.012581269328835699,False,True,
D_382,382,33,3,0.9166666666666666,15,0.014322598324786825,False,True,
D_383,383,0,36,0.0,0,,False,False,no successful evaluation
D_384,384,0,36,0.0,0,,False,False,no successful evaluation
D_385,385,0,36,0.0,0,,False,False,no successful evaluation
D_386,386,0,36,0.0,0,,False,False,no successful evaluation
D_387,387,0,36,0.0,0,,False,False,no successful evaluation
D_388,388,0,36,0.0,0,,False,False,no successful evaluation
D_389,389,0,36,0.0,0,,False,False,no successful evaluation
D_390,390,0,36,0.0,0,,False,False,no successful evaluation
D_391,391,0,36,0.0,0,,False,False,no successful evaluation
D_392,392,0,36,0.0,0,,False,False,no successful evaluation
D_393,393,0,36,0.0,0,,False,False,no successful evaluation
D_394,394,0,36,0.0,0,,False,False,no successful evaluation
D_395,395,0,36,0.0,0,,False,False,no successful evaluation
D_396,396,0,36,0.0,0,,False,False,no successful evaluation
D_397,397,0,36,0.0,0,,False,False,no successful evaluation
D_398,398,0,36,0.0,0,,False,False,no successful evaluation
D_399,399,0,36,0.0,0,,False,False,no successful evaluation
D_400,400,0,36,0.0,0,,False,False,no successful evaluation
D_401,401,0,36,0.0,0,,False,False,no successful evaluation
D_443,443,36,0,1.0,3,0.05062104773721215,False,True,
D_444,444,36,0,1.0,6,0.13281968710038516,False,True,
D_446,446,36,0,1.0,10,0.1524681205294332,False,True,
D_448,448,36,0,1.0,5,0.050820598148379977,False,True,
D_450,450,36,0,1.0,3,0.01680421335626985,False,True,
D_451,451,36,0,1.0,14,0.11919838997586965,False,True,
D_452,452,36,0,1.0,10,0.043816309537990324,False,True,
D_453,453,36,0,1.0,6,0.0965308308425604,False,True,
D_454,454,36,0,1.0,11,0.015796781602837758,False,True,
D_455,455,36,0,1.0,13,0.04509747906076874,False,True,
D_457,457,36,0,1.0,3,0.17708197167232476,False,True,
D_458,458,36,0,1.0,8,0.03344344173138687,False,True,
D_459,459,36,0,1.0,4,0.06277572781796908,False,True,
D_461,461,36,0,1.0,6,0.11078946500256942,False,True,
D_462,462,36,0,1.0,3,0.10700755713476791,False,True,
D_463,463,36,0,1.0,4,0.016674523753838193,False,True,
D_464,464,36,0,1.0,5,0.09175080313840969,False,True,
D_465,465,36,0,1.0,7,0.061739196585813526,False,True,
D_466,466,36,0,1.0,14,0.07703602888145428,False,True,
D_467,467,36,0,1.0,4,0.048442742659724466,False,True,
D_468,468,36,0,1.0,5,0.09404417722662685,False,True,
D_469,469,36,0,1.0,11,0.0168787147260231,False,True,
D_470,470,36,0,1.0,14,0.05392673992059642,False,True,
D_472,472,36,0,1.0,6,0.08713329761415495,False,True,
D_474,474,36,0,1.0,8,0.02216167393997113,False,True,
D_475,475,36,0,1.0,12,0.06433550868275725,False,True,
D_476,476,36,0,1.0,3,0.1,False,True,
D_477,477,36,0,1.0,6,0.08600261451922268,False,True,
D_479,479,36,0,1.0,5,0.050390900408228315,False,True,
D_480,480,35,1,0.9722222222222222,4,0.09571310115353229,False,True,
D_481,481,36,0,1.0,10,0.06360219724958364,False,True,
D_488,488,36,0,1.0,18,0.026287606987833317,False,True,
D_554,554,36,0,1.0,16,0.13489347649163763,False,True,
D_679,679,36,0,1.0,15,0.05212753153631155,False,True,
D_682,682,36,0,1.0,5,0.09881364563939578,False,True,
D_683,683,36,0,1.0,4,0.04738307752421002,False,True,
D_685,685,36,0,1.0,12,0.09987459263386464,False,True,
D_694,694,36,0,1.0,14,0.23355103496148008,False,True,
D_713,713,36,0,1.0,3,0.08670850865348181,False,True,
D_714,714,36,0,1.0,6,0.05533288710217214,False,True,
D_715,715,36,0,1.0,9,0.015129966789842216,False,True,
D_716,716,36,0,1.0,5,0.051294959201720516,False,True,
D_717,717,36,0,1.0,10,0.04196374789598739,False,True,
D_718,718,36,0,1.0,11,0.018958206145279474,False,True,
D_719,719,36,0,1.0,8,0.058992336298882946,False,True,
D_720,720,36,0,1.0,21,0.015682443284283885,False,True,
D_721,721,36,0,1.0,3,0.015759452385986417,False,True,
D_722,722,36,0,1.0,19,0.10362043076941685,False,True,
D_723,723,36,0,1.0,11,0.0120441574381549,False,True,
D_724,724,35,1,0.9722222222222222,8,0.08040993078125849,False,True,
D_725,725,36,0,1.0,11,0.04059248698958958,False,True,
D_726,726,36,0,1.0,5,0.06431020501550125,False,True,
D_727,727,36,0,1.0,6,0.004907477288111805,False,True,
D_728,728,36,0,1.0,12,0.08400167122328163,True,False,AutoDP60 holdout (leakage guard)
D_729,729,36,0,1.0,4,0.16456725292306515,False,True,
D_730,730,36,0,1.0,5,0.03639630967590932,False,True,
D_731,731,36,0,1.0,2,0.02239516041194043,False,True,
D_732,732,36,0,1.0,7,0.0440643468880076,False,True,
D_733,733,36,0,1.0,7,0.05202635036851097,False,True,
D_734,734,36,0,1.0,12,0.012449899597988744,True,False,AutoDP60 holdout (leakage guard)
D_735,735,36,0,1.0,18,0.020689708630376523,True,False,AutoDP60 holdout (leakage guard)
D_736,736,36,0,1.0,3,0.024003148447284753,False,True,
D_737,737,36,0,1.0,18,0.13698872579982155,True,False,AutoDP60 holdout (leakage guard)
D_738,738,36,0,1.0,5,0.053717115769130484,False,True,
D_739,739,36,0,1.0,4,0.062333128828268476,False,True,
D_740,740,36,0,1.0,12,0.033890027303283235,False,True,
D_741,741,36,0,1.0,9,0.05509742361461385,False,True,
D_742,742,36,0,1.0,9,0.03337497399083466,False,True,
D_743,743,36,0,1.0,6,0.0066478321909857144,False,True,
D_744,744,36,0,1.0,5,0.023006976934276283,False,True,
D_745,745,36,0,1.0,5,0.10708794372370879,False,True,
D_746,746,36,0,1.0,6,0.030484766485153202,False,True,
D_747,747,36,0,1.0,6,0.06249866502910218,False,True,
D_748,748,36,0,1.0,6,0.03411947508335227,False,True,
D_749,749,36,0,1.0,7,0.03635812949323592,False,True,
D_750,750,36,0,1.0,9,0.0252518181719189,False,True,
D_751,751,36,0,1.0,7,0.009940991020473562,False,True,
D_752,752,36,0,1.0,5,0.02121058435991071,True,False,AutoDP60 holdout (leakage guard)
D_753,753,36,0,1.0,7,0.04308380950095901,False,True,
D_754,754,36,0,1.0,5,0.0492810972200283,False,True,
D_755,755,36,0,1.0,4,0.1345984251967831,False,True,
D_756,756,36,0,1.0,6,0.11508203763317049,False,True,
D_757,757,36,0,1.0,8,0.027667545608582415,False,True,
D_758,758,31,5,0.8611111111111112,7,0.13304331827882074,False,True,
D_759,759,36,0,1.0,6,0.09221388919541469,False,True,
D_760,760,0,36,0.0,0,,False,False,no successful evaluation
D_761,761,36,0,1.0,19,0.021791715352965948,True,False,AutoDP60 holdout (leakage guard)
D_762,762,36,0,1.0,4,0.03685138655950443,False,True,
D_763,763,36,0,1.0,4,0.016292086998461297,False,True,
D_764,764,35,1,0.9722222222222222,3,0.02751851800986579,False,True,
D_765,765,35,1,0.9722222222222222,2,0.025784102555612316,False,True,
D_766,766,36,0,1.0,7,0.027588242262078073,False,True,
D_767,767,35,1,0.9722222222222222,4,0.031202916930749964,False,True,
D_768,768,36,0,1.0,7,0.10373986638001426,False,True,
D_769,769,36,0,1.0,6,0.03601697130829054,False,True,
D_770,770,36,0,1.0,8,0.029920058097256598,False,True,
D_771,771,36,0,1.0,4,0.07327584913407531,False,True,
D_772,772,36,0,1.0,8,0.0053909775232686636,False,True,
D_773,773,36,0,1.0,2,0.004581228472908516,False,True,
D_774,774,36,0,1.0,9,0.029780036687509122,False,True,
D_775,775,36,0,1.0,3,0.023895347964007305,False,True,
D_776,776,36,0,1.0,4,0.026246692913372723,False,True,
D_777,777,36,0,1.0,1,6.661338147750939e-16,False,True,
D_778,778,36,0,1.0,10,0.09049921170180227,False,True,
D_779,779,36,0,1.0,5,0.01907384933344768,False,True,
D_780,780,36,0,1.0,5,0.10578969730127988,False,True,
D_782,782,36,0,1.0,2,0.01964185503295963,False,True,
D_783,783,36,0,1.0,2,0.023570226039551605,False,True,
D_784,784,36,0,1.0,8,0.06989648791193864,False,True,
D_785,785,36,0,1.0,3,0.04129348197611004,False,True,
D_786,786,36,0,1.0,8,0.025152940764374267,False,True,
D_787,787,36,0,1.0,3,0.06236095644623235,False,True,
D_788,788,36,0,1.0,11,0.06851096206935664,False,True,
D_789,789,36,0,1.0,2,0.019788620623298617,False,True,
D_790,790,35,1,0.9722222222222222,5,0.12193968409668061,False,True,
D_791,791,36,0,1.0,3,0.06676946806414792,False,True,
D_792,792,36,0,1.0,5,0.018970412309959845,False,True,
D_793,793,36,0,1.0,7,0.04062778955284938,False,True,
D_794,794,36,0,1.0,3,0.01814720330117894,False,True,
D_795,795,36,0,1.0,7,0.01366846973429922,False,True,
D_796,796,36,0,1.0,8,0.05034715434700595,False,True,
D_797,797,36,0,1.0,9,0.013281147875424362,False,True,
D_798,798,36,0,1.0,9,0.028394275533916043,False,True,
D_799,799,36,0,1.0,6,0.021229111011085385,False,True,
D_800,800,36,0,1.0,2,0.018425693279752187,False,True,
D_801,801,36,0,1.0,10,0.0636457777016943,False,True,
D_802,802,36,0,1.0,14,0.012975868401599382,False,True,
D_803,803,36,0,1.0,11,0.19681835604886494,True,False,AutoDP60 holdout (leakage guard)
D_804,804,36,0,1.0,4,0.07106942336735046,False,True,
D_805,805,36,0,1.0,9,0.023588224201657366,False,True,
D_806,806,36,0,1.0,7,0.009455671431591837,False,True,
D_807,807,36,0,1.0,4,0.004627064103967251,True,False,AutoDP60 holdout (leakage guard)
D_808,808,36,0,1.0,4,0.06466914848234896,False,True,
D_810,810,36,0,1.0,9,0.02324243834762644,False,True,
D_811,811,36,0,1.0,6,0.08977422907937233,False,True,
D_812,812,36,0,1.0,5,0.04487637339278752,False,True,
D_813,813,36,0,1.0,7,0.012930100540985763,False,True,
D_814,814,36,0,1.0,6,0.06022209225133908,False,True,
D_815,815,36,0,1.0,2,0.04071847347625532,False,True,
D_816,816,36,0,1.0,5,0.0011493422703098455,True,False,AutoDP60 holdout (leakage guard)
D_817,817,36,0,1.0,3,0.06781419786518723,False,True,
D_818,818,36,0,1.0,7,0.0664775519390373,False,True,
D_819,819,36,0,1.0,9,0.004806358314453223,True,False,AutoDP60 holdout (leakage guard)
D_820,820,36,0,1.0,7,0.067352552883768,False,True,
D_821,821,36,0,1.0,19,0.015784036317404226,False,True,
D_823,823,36,0,1.0,13,0.12115985257725932,False,True,
D_824,824,36,0,1.0,6,0.01458267194267409,False,True,
D_825,825,36,0,1.0,10,0.030862462038438076,False,True,
D_826,826,36,0,1.0,6,0.009149891367118197,False,True,
D_827,827,36,0,1.0,7,0.012341927069919939,False,True,
D_828,828,36,0,1.0,4,0.022004138219103977,False,True,
D_829,829,36,0,1.0,4,0.05112545088696099,False,True,
D_830,830,36,0,1.0,6,0.04038013813195239,False,True,
D_831,831,36,0,1.0,5,0.014731391274719728,False,True,
D_832,832,36,0,1.0,7,0.032711798000034514,False,True,
D_833,833,36,0,1.0,14,0.026836381239367785,True,False,AutoDP60 holdout (leakage guard)
D_834,834,36,0,1.0,5,0.019116278371205806,False,True,
D_835,835,36,0,1.0,3,0.14624940645653536,False,True,
D_836,836,36,0,1.0,3,0.08501700510170063,False,True,
D_837,837,36,0,1.0,4,0.00906083690572228,False,True,
D_838,838,36,0,1.0,9,0.01878237944930776,False,True,
D_839,839,36,0,1.0,23,0.08048050375558102,False,True,
D_840,840,36,0,1.0,8,0.048478438536580806,False,True,
D_841,841,36,0,1.0,13,0.04308278857565356,False,True,
D_842,842,36,0,1.0,5,0.06656853631735371,False,True,
D_843,843,36,0,1.0,15,0.018504670748385993,False,True,
D_844,844,35,1,0.9722222222222222,7,0.048900155600900004,False,True,
D_845,845,36,0,1.0,5,0.006229905970001618,False,True,
D_846,846,36,0,1.0,20,0.049205438259617075,False,True,
D_847,847,36,0,1.0,15,0.010497023387608518,False,True,
D_848,848,36,0,1.0,4,0.05501034554775993,False,True,
D_849,849,36,0,1.0,6,0.015236687166259892,False,True,
D_850,850,36,0,1.0,5,0.07827223779780765,False,True,
D_851,851,36,0,1.0,7,0.0391256776478828,False,True,
D_852,852,36,0,1.0,8,0.044423755492791615,False,True,
D_853,853,36,0,1.0,11,0.04816105442218792,False,True,
D_854,854,36,0,1.0,6,0.0720224601135123,False,True,
D_855,855,36,0,1.0,6,0.021406918807701073,False,True,
D_857,857,36,0,1.0,3,0.12894058769185512,False,True,
D_858,858,33,3,0.9166666666666666,6,0.032766590462735654,False,True,
D_859,859,36,0,1.0,4,0.0806991058129664,False,True,
D_860,860,36,0,1.0,4,0.09017932103049162,False,True,
D_861,861,36,0,1.0,7,0.09231388236775959,False,True,
D_862,862,36,0,1.0,8,0.14404027024170413,False,True,
D_863,863,36,0,1.0,5,0.015634719199411423,False,True,
D_864,864,36,0,1.0,3,0.05002357126151459,False,True,
D_865,865,36,0,1.0,1,2.220446049250313e-16,False,True,
D_866,866,36,0,1.0,7,0.008045971309977919,False,True,
D_867,867,36,0,1.0,4,0.05485255407262159,False,True,
D_868,868,36,0,1.0,4,0.043810584154409714,False,True,
D_869,869,36,0,1.0,6,0.014601179556612663,False,True,
D_870,870,36,0,1.0,3,0.008588680463189065,False,True,
D_871,871,36,0,1.0,9,0.00431816825611688,True,False,AutoDP60 holdout (leakage guard)
D_873,873,36,0,1.0,7,0.035986966090448116,False,True,
D_874,874,36,0,1.0,3,0.07264831572567787,False,True,
D_875,875,36,0,1.0,3,0.045368008252947414,False,True,
D_876,876,36,0,1.0,4,0.031056499687497068,False,True,
D_877,877,36,0,1.0,5,0.016583123951777017,False,True,
D_878,878,36,0,1.0,4,0.05204164998665331,False,True,
D_879,879,36,0,1.0,6,0.020563061692579702,False,True,
D_880,880,36,0,1.0,8,0.06646823346005443,False,True,
D_881,881,36,0,1.0,17,0.023115033721598094,False,True,
D_882,882,36,0,1.0,4,0.06514466333088095,False,True,
D_884,884,36,0,1.0,5,0.018675262571079543,False,True,
D_885,885,36,0,1.0,4,0.06796355788030353,False,True,
D_886,886,36,0,1.0,9,0.027164053498495665,False,True,
D_887,887,36,0,1.0,7,0.11249954342810414,False,True,
D_888,888,36,0,1.0,6,0.015416041028346194,False,True,
D_889,889,36,0,1.0,5,0.047689679759415,False,True,
D_890,890,36,0,1.0,4,0.046012290803759084,False,True,
D_891,891,36,0,1.0,5,0.07494740127471518,False,True,
D_892,892,36,0,1.0,3,0.05983516452371669,False,True,
D_893,893,36,0,1.0,4,0.04969039949999532,False,True,
D_894,894,36,0,1.0,3,0.028889324957462378,False,True,
D_895,895,36,0,1.0,2,0.015370246417270026,False,True,
D_896,896,36,0,1.0,9,0.028539554531202962,False,True,
D_897,897,36,0,1.0,9,0.016476245780979087,False,True,
D_898,898,36,0,1.0,5,0.08124094920275464,False,True,
D_899,899,36,0,1.0,3,0.031896819048642416,False,True,
D_900,900,36,0,1.0,8,0.020865137760518914,False,True,
D_901,901,36,0,1.0,4,0.0011976700631838955,False,True,
D_902,902,36,0,1.0,7,0.04110735718596872,False,True,
D_903,903,36,0,1.0,11,0.01738498358702094,False,True,
D_904,904,36,0,1.0,4,0.00397474667257061,False,True,
D_905,905,36,0,1.0,4,0.10825317547305482,False,True,
D_906,906,36,0,1.0,8,0.03120173742293649,False,True,
D_907,907,36,0,1.0,10,0.050702767581583735,False,True,
D_908,908,36,0,1.0,7,0.02602082499332666,False,True,
D_909,909,36,0,1.0,11,0.03386974356739342,False,True,
D_910,910,36,0,1.0,6,0.013507970897872786,False,True,
D_911,911,36,0,1.0,6,0.03593547028621385,False,True,
D_912,912,36,0,1.0,7,0.007948279959902504,False,True,
D_913,913,36,0,1.0,9,0.0393925715250734,False,True,
D_914,914,36,0,1.0,8,0.1864412421485713,False,True,
D_915,915,36,0,1.0,8,0.02941614427534555,False,True,
D_916,916,36,0,1.0,4,0.05187458165828636,False,True,
D_917,917,36,0,1.0,6,0.009038455224179927,False,True,
D_918,918,36,0,1.0,7,0.04782942944451308,False,True,
D_919,919,36,0,1.0,3,0.17179606773406922,False,True,
D_920,920,36,0,1.0,12,0.025620388775107486,False,True,
D_921,921,36,0,1.0,6,0.11593604920366017,False,True,
D_922,922,36,0,1.0,2,0.022395160411940385,False,True,
D_923,923,36,0,1.0,14,0.018453311121802082,False,True,
D_924,924,36,0,1.0,1,1.1102230246251565e-16,False,True,
D_925,925,36,0,1.0,3,0.009698124545222486,False,True,
D_926,926,36,0,1.0,5,0.016802685705374028,False,True,
D_927,927,36,0,1.0,4,0.1285967077530843,False,True,
D_928,928,36,0,1.0,5,0.17380544678845175,False,True,
D_929,929,36,0,1.0,4,0.047078613165494713,False,True,
D_930,930,36,0,1.0,15,0.04534393785255038,False,True,
D_931,931,36,0,1.0,9,0.02748334862087883,False,True,
D_932,932,36,0,1.0,5,0.05270462766947299,False,True,
D_933,933,36,0,1.0,7,0.02924460486278189,False,True,
D_934,934,36,0,1.0,13,0.034728621090923575,True,False,AutoDP60 holdout (leakage guard)
D_935,935,36,0,1.0,4,0.026010444246043634,False,True,
D_936,936,36,0,1.0,10,0.02514157444218837,False,True,
D_937,937,36,0,1.0,8,0.020749832663314566,False,True,
D_938,938,36,0,1.0,5,0.11527684812952527,False,True,
D_939,939,36,0,1.0,5,0.062018995538491606,False,True,
D_940,940,36,0,1.0,10,0.030447982281504853,False,True,
D_941,941,36,0,1.0,4,0.01784584154347031,False,True,
D_942,942,36,0,1.0,3,0.05746711351549221,False,True,
D_943,943,36,0,1.0,4,0.010168336232068411,False,True,
D_944,944,36,0,1.0,6,0.055842454467401645,False,True,
D_945,945,36,0,1.0,6,0.09639716883265098,False,True,
D_946,946,36,0,1.0,3,0.03035851168658335,False,True,
D_947,947,36,0,1.0,2,0.008225755928460785,False,True,
D_949,949,36,0,1.0,5,0.011974313198981422,False,True,
D_950,950,36,0,1.0,4,0.016436549132719084,False,True,
D_951,951,26,10,0.7222222222222222,4,0.009014014250279348,False,True,
D_952,952,36,0,1.0,11,0.08568872468772927,False,True,
D_953,953,36,0,1.0,15,0.03842412720931076,False,True,
D_954,954,36,0,1.0,10,0.02890260496630818,False,True,
D_955,955,36,0,1.0,4,0.025643526919810384,False,True,
D_956,956,36,0,1.0,5,0.0393445364921285,False,True,
D_957,957,36,0,1.0,7,0.01975132085633132,False,True,
D_958,958,36,0,1.0,13,0.07622102984067108,False,True,
D_959,959,36,0,1.0,2,0.09480019192432516,False,True,
D_960,960,36,0,1.0,6,0.05319039487535211,False,True,
D_961,961,36,0,1.0,8,0.11380055354046122,False,True,
D_962,962,36,0,1.0,2,0.034583054438857584,False,True,
D_963,963,33,3,0.9166666666666666,7,0.03371102019809335,False,True,
D_964,964,36,0,1.0,4,0.0841252877749008,False,True,
D_965,965,4,32,0.1111111111111111,2,0.06185895741317421,False,True,
D_966,966,36,0,1.0,10,0.012134836008139223,False,True,
D_967,967,36,0,1.0,10,0.03020799025692136,False,True,
D_968,968,36,0,1.0,6,0.011691241625370781,False,True,
D_969,969,36,0,1.0,2,0.005477851651018141,False,True,
D_970,970,36,0,1.0,7,0.008874217611238034,False,True,
D_971,971,36,0,1.0,1,0.0,False,True,
D_972,972,36,0,1.0,4,0.07155872381467049,False,True,
D_973,973,36,0,1.0,6,0.125340091382803,False,True,
D_974,974,36,0,1.0,6,0.08263821246100082,False,True,
D_975,975,36,0,1.0,7,0.04961551927067659,False,True,
D_976,976,36,0,1.0,14,0.004097104518083319,False,True,
D_977,977,36,0,1.0,11,0.015864661988205093,False,True,
D_978,978,36,0,1.0,8,0.004912427551063166,False,True,
D_979,979,36,0,1.0,11,0.0034141815713973327,True,False,AutoDP60 holdout (leakage guard)
D_980,980,36,0,1.0,11,0.008268031174721885,False,True,
D_981,981,36,0,1.0,14,0.010353139620424338,False,True,
D_982,982,36,0,1.0,6,0.0170080595600939,False,True,
D_983,983,36,0,1.0,15,0.016124530893101015,False,True,
D_984,984,36,0,1.0,1,8.881784197001252e-16,False,True,
D_985,985,36,0,1.0,5,0.10075725930939398,False,True,
D_986,986,36,0,1.0,11,0.05564409866189013,False,True,
D_987,987,36,0,1.0,5,0.047362536635438046,False,True,
D_988,988,36,0,1.0,5,0.08238309322232816,False,True,
D_989,989,33,3,0.9166666666666666,20,0.0579951058523583,False,True,
D_990,990,36,0,1.0,18,0.043878796384992355,False,True,
D_991,991,36,0,1.0,10,0.10469084302975967,False,True,
D_992,992,36,0,1.0,4,0.0914765509412904,False,True,
D_993,993,33,3,0.9166666666666666,18,0.08808815185769488,False,True,
D_994,994,36,0,1.0,12,0.08662966609294386,False,True,
D_995,995,36,0,1.0,10,0.01409020761441377,False,True,
D_996,996,36,0,1.0,7,0.04829000411119058,False,True,
D_997,997,36,0,1.0,2,0.0798220242511774,False,True,
D_998,998,36,0,1.0,5,0.08164440781735369,False,True,
D_999,999,33,3,0.9166666666666666,8,0.06897834051493243,False,True,
D_1000,1000,33,3,0.9166666666666666,18,0.009753903986070376,False,True,
D_1001,1001,36,0,1.0,3,0.035537308143157496,False,True,
D_1002,1002,36,0,1.0,16,0.07024004257008191,False,True,
D_1003,1003,36,0,1.0,10,0.04093740578863861,False,True,
D_1004,1004,36,0,1.0,6,0.0439369901670366,False,True,
D_1005,1005,36,0,1.0,7,0.04007251271129412,False,True,
D_1006,1006,36,0,1.0,6,0.03265776312694146,False,True,
D_1007,1007,36,0,1.0,8,0.08647837790993822,False,True,
D_1008,1008,36,0,1.0,12,0.036167593207172465,False,True,
D_1009,1009,36,0,1.0,5,0.05812594234502326,False,True,
D_1010,1010,36,0,1.0,7,0.028399820299365972,False,True,
D_1011,1011,36,0,1.0,6,0.021068295683378462,False,True,
D_1012,1012,36,0,1.0,10,0.11646769294796284,False,True,
D_1013,1013,23,13,0.6388888888888888,1,3.3306690738754696e-16,False,True,
D_1014,1014,36,0,1.0,3,0.01164101014877792,False,True,
D_1015,1015,36,0,1.0,2,0.059720427765174375,False,True,
D_1016,1016,36,0,1.0,10,0.028607147252468722,False,True,
D_1017,1017,36,0,1.0,10,0.0572399264762158,False,True,
D_1018,1018,33,3,0.9166666666666666,9,0.0037091206178251714,False,True,
D_1019,1019,36,0,1.0,9,0.030366117306084968,False,True,
D_1020,1020,36,0,1.0,8,0.0100260078462633,False,True,
D_1021,1021,36,0,1.0,19,0.018371341073517337,True,False,AutoDP60 holdout (leakage guard)
D_1022,1022,36,0,1.0,10,0.013906239162847773,False,True,
D_1023,1023,36,0,1.0,10,0.034542643047926744,False,True,
D_1025,1025,36,0,1.0,8,0.044524396402421874,False,True,
D_1026,1026,35,1,0.9722222222222222,4,0.02246277899899342,False,True,
D_1037,1037,36,0,1.0,19,0.010928874432358713,False,True,
D_1038,1038,36,0,1.0,11,0.03165932643043203,False,True,
D_1039,1039,36,0,1.0,8,0.00412092763061126,False,True,
D_1040,1040,36,0,1.0,12,0.0036804245259695312,False,True,
D_1041,1041,36,0,1.0,18,0.11566455087586096,False,True,
D_1042,1042,36,0,1.0,18,0.055910771932066755,False,True,
D_1044,1044,36,0,1.0,20,0.0158571944959993,False,True,
D_1045,1045,31,5,0.8611111111111112,4,0.03017721905728708,False,True,
D_1046,1046,36,0,1.0,18,0.04525913044777693,False,True,
D_1047,1047,36,0,1.0,13,0.1217927891726442,False,True,
D_1048,1048,36,0,1.0,10,0.03714509572628522,False,True,
D_1049,1049,36,0,1.0,10,0.009765946707915913,False,True,
D_1050,1050,36,0,1.0,13,0.01326105491256859,False,True,
D_1053,1053,36,0,1.0,18,0.006477108313033319,True,False,AutoDP60 holdout (leakage guard)
D_1054,1054,36,0,1.0,7,0.05156024522260455,False,True,
D_1055,1055,36,0,1.0,4,0.052378280087892415,False,True,
D_1056,1056,36,0,1.0,8,0.0026682576272601777,False,True,
D_1057,1057,36,0,1.0,6,0.08554786165599246,False,True,
D_1059,1059,31,5,0.8611111111111112,6,0.04953897760116767,False,True,
D_1060,1060,31,5,0.8611111111111112,2,0.03828101394675305,False,True,
D_1061,1061,36,0,1.0,5,0.043446087207286,False,True,
D_1062,1062,36,0,1.0,5,0.1386717051924712,False,True,
D_1063,1063,36,0,1.0,8,0.017118262453795517,False,True,
D_1064,1064,36,0,1.0,9,0.10840106480713164,False,True,
D_1065,1065,36,0,1.0,10,0.03090200708100654,False,True,
D_1066,1066,36,0,1.0,7,0.07056338596441768,False,True,
D_1067,1067,36,0,1.0,12,0.008055323086244535,False,True,
D_1068,1068,36,0,1.0,11,0.018408283214817814,False,True,
D_1069,1069,36,0,1.0,6,0.023227139298673864,False,True,
D_1071,1071,36,0,1.0,8,0.021214935292484943,False,True,
D_1073,1073,36,0,1.0,9,0.07303526255565745,False,True,
D_1075,1075,36,0,1.0,2,0.010630207661395571,False,True,
D_1077,1077,36,0,1.0,9,0.12148446570086051,False,True,
D_1078,1078,36,0,1.0,9,0.12148446570086051,False,True,
D_1079,1079,36,0,1.0,6,0.13674085322912188,False,True,
D_1080,1080,23,13,0.6388888888888888,5,0.06821027808192333,False,True,
D_1081,1081,0,36,0.0,0,,False,False,no successful evaluation
D_1082,1082,0,36,0.0,0,,False,False,no successful evaluation
D_1083,1083,0,36,0.0,0,,False,False,no successful evaluation
D_1084,1084,0,36,0.0,0,,False,False,no successful evaluation
D_1085,1085,0,36,0.0,0,,False,False,no successful evaluation
D_1086,1086,6,30,0.16666666666666666,2,0.006538210460525721,False,True,
D_1087,1087,0,36,0.0,0,,False,False,no successful evaluation
D_1088,1088,0,36,0.0,0,,False,False,no successful evaluation
D_1100,1100,0,36,0.0,0,,False,False,no successful evaluation
D_1101,1101,0,36,0.0,0,,False,False,no successful evaluation
D_1102,1102,0,36,0.0,0,,False,False,no successful evaluation
D_1104,1104,0,36,0.0,0,,False,False,no successful evaluation
D_1106,1106,0,36,0.0,0,,False,False,no successful evaluation
D_1107,1107,0,36,0.0,0,,False,False,no successful evaluation
D_1109,1109,0,36,0.0,0,,False,False,no successful evaluation
D_1110,1110,0,36,0.0,0,,False,False,no successful evaluation
D_1111,1111,0,36,0.0,0,,False,False,no successful evaluation
D_1112,1112,0,36,0.0,0,,False,False,no successful evaluation
D_1113,1113,0,36,0.0,0,,False,False,no successful evaluation
D_1114,1114,0,36,0.0,0,,False,False,no successful evaluation
D_1115,1115,0,36,0.0,0,,False,False,no successful evaluation
D_1116,1116,0,36,0.0,0,,False,False,no successful evaluation
D_1117,1117,0,36,0.0,0,,False,False,no successful evaluation
D_1119,1119,0,36,0.0,0,,False,False,no successful evaluation
D_1120,1120,0,36,0.0,0,,False,False,no successful evaluation
D_1121,1121,0,36,0.0,0,,False,False,no successful evaluation
D_1122,1122,0,36,0.0,0,,False,False,no successful evaluation
D_1123,1123,0,36,0.0,0,,False,False,no successful evaluation
D_1124,1124,0,36,0.0,0,,False,False,no successful evaluation
D_1125,1125,0,36,0.0,0,,False,False,no successful evaluation
D_1126,1126,0,36,0.0,0,,False,False,no successful evaluation
D_1127,1127,0,36,0.0,0,,False,False,no successful evaluation
D_1128,1128,0,36,0.0,0,,False,False,no successful evaluation
D_1129,1129,0,36,0.0,0,,False,False,no successful evaluation
D_1130,1130,36,0,1.0,9,0.014279561058370964,False,True,
D_1131,1131,36,0,1.0,2,0.005873369837062173,False,True,
D_1132,1132,36,0,1.0,5,0.023263258419226808,False,True,
D_1133,1133,36,0,1.0,3,0.015927485905071006,False,True,
D_1134,1134,36,0,1.0,9,0.010601217556766653,False,True,
D_1135,1135,36,0,1.0,3,0.0055329169106928784,False,True,
D_1136,1136,36,0,1.0,5,0.016583123951776975,False,True,
D_1137,1137,36,0,1.0,4,0.006242023785004173,False,True,
D_1138,1138,36,0,1.0,7,0.004833514943822381,False,True,
D_1139,1139,36,0,1.0,4,0.0034536808184643074,False,True,
D_1140,1140,36,0,1.0,5,0.015590971236713451,False,True,
D_1141,1141,36,0,1.0,2,0.006320598058867104,False,True,
D_1142,1142,36,0,1.0,5,0.0035266172682367823,False,True,
D_1143,1143,36,0,1.0,5,0.015536115420543065,False,True,
D_1144,1144,36,0,1.0,4,0.014353024330791215,False,True,
D_1145,1145,36,0,1.0,7,0.012461272276069274,False,True,
D_1146,1146,36,0,1.0,6,0.0032808859386721976,False,True,
D_1147,1147,36,0,1.0,4,0.01061305641892694,False,True,
D_1148,1148,36,0,1.0,7,0.02070034933676147,False,True,
D_1149,1149,36,0,1.0,4,0.009172981600823233,False,True,
D_1150,1150,36,0,1.0,6,0.015479670039844906,False,True,
D_1151,1151,5,31,0.1388888888888889,1,0.0,False,True,
D_1152,1152,0,36,0.0,0,,False,False,no successful evaluation
D_1153,1153,0,36,0.0,0,,False,False,no successful evaluation
D_1154,1154,0,36,0.0,0,,False,False,no successful evaluation
D_1155,1155,0,36,0.0,0,,False,False,no successful evaluation
D_1156,1156,0,36,0.0,0,,False,False,no successful evaluation
D_1157,1157,0,36,0.0,0,,False,False,no successful evaluation
D_1158,1158,18,18,0.5,6,0.013275328094399368,False,True,
D_1159,1159,36,0,1.0,8,0.055442439082603136,False,True,
D_1160,1160,36,0,1.0,6,0.011671025187637019,False,True,
D_1161,1161,36,0,1.0,9,0.009311044499262174,False,True,
D_1162,1162,36,0,1.0,6,0.037029365850315334,False,True,
D_1163,1163,36,0,1.0,5,0.01822513045858117,False,True,
D_1164,1164,36,0,1.0,5,0.03518130484642639,False,True,
D_1165,1165,36,0,1.0,6,0.01962614320029575,False,True,
D_1166,1166,36,0,1.0,11,0.016249755018451332,False,True,
D_1167,1167,36,0,1.0,7,0.03921411548535311,False,True,
D_1169,1169,36,0,1.0,18,0.01745620622593778,False,True,
D_1178,1178,36,0,1.0,8,0.002187224409447727,False,True,
D_1179,1179,36,0,1.0,5,0.0013411230782859242,False,True,
D_1180,1180,36,0,1.0,1,2.220446049250313e-16,False,True,
D_1181,1181,36,0,1.0,11,0.0056533066910623144,False,True,
D_1182,1182,36,0,1.0,20,0.025064530912756816,False,True,
D_1183,1183,36,0,1.0,13,0.011955421312753156,False,True,
D_1185,1185,36,0,1.0,12,0.017969860741300386,False,True,
D_1186,1186,36,0,1.0,23,0.05685059339299638,False,True,
D_1205,1205,36,0,1.0,8,0.008574114070781024,False,True,
D_1209,1209,36,0,1.0,19,0.009762100752968662,False,True,
D_1211,1211,36,0,1.0,8,0.015458102474067256,False,True,
D_1212,1212,36,0,1.0,8,0.0030198673423566334,False,True,
D_1214,1214,36,0,1.0,16,0.05569517871502674,False,True,
D_1218,1218,36,0,1.0,7,0.009740934373515473,False,True,
D_1219,1219,36,0,1.0,6,0.0047806031697544766,False,True,
D_1220,1220,36,0,1.0,6,0.008891666232774454,False,True,
D_1222,1222,36,0,1.0,17,0.030745206893328617,False,True,
D_1233,1233,36,0,1.0,17,0.14073131982808318,False,True,
D_1240,1240,36,0,1.0,27,0.03993454327914092,False,True,
D_1241,1241,0,36,0.0,0,,False,False,no successful evaluation
D_1242,1242,0,36,0.0,0,,False,False,no successful evaluation
D_1351,1351,36,0,1.0,22,0.029361728680564945,False,True,
D_1352,1352,36,0,1.0,11,0.003784613912823318,False,True,
D_1353,1353,36,0,1.0,13,0.003883627393094643,False,True,
D_1354,1354,36,0,1.0,26,0.045348742955613676,False,True,
D_1355,1355,36,0,1.0,21,0.02814161717606061,False,True,
D_1356,1356,36,0,1.0,24,0.01598115692129986,False,True,
D_1357,1357,36,0,1.0,23,0.0538714748495819,False,True,
D_1358,1358,36,0,1.0,25,0.04449424293457511,False,True,
D_1359,1359,36,0,1.0,23,0.025114598454993354,False,True,
D_1360,1360,36,0,1.0,21,0.02457281633165268,False,True,
D_1361,1361,36,0,1.0,18,0.02520832950719286,False,True,
D_1362,1362,36,0,1.0,6,0.0017853571071357146,False,True,
D_1363,1363,36,0,1.0,24,0.039879244810636344,False,True,
D_1364,1364,36,0,1.0,23,0.030685217315971472,False,True,
D_1365,1365,36,0,1.0,19,0.01796161459238653,False,True,
D_1366,1366,36,0,1.0,23,0.02713955702577981,False,True,
D_1367,1367,36,0,1.0,25,0.03720301121159248,False,True,
D_1368,1368,36,0,1.0,22,0.019877926059940085,False,True,
D_1369,1369,36,0,1.0,13,0.0065170715986723905,False,True,
D_1370,1370,36,0,1.0,14,0.006775956039328596,False,True,
D_1371,1371,36,0,1.0,15,0.010501726783348486,False,True,
D_1372,1372,36,0,1.0,12,0.007263344466532361,False,True,
D_1373,1373,36,0,1.0,11,0.005425349166666323,False,True,
D_1374,1374,36,0,1.0,14,0.010847426730181997,False,True,
D_1375,1375,36,0,1.0,12,0.009150322128850356,False,True,
D_1376,1376,36,0,1.0,13,0.005534961830865309,False,True,
D_1377,1377,36,0,1.0,12,0.0031045317334423613,False,True,
D_1378,1378,36,0,1.0,18,0.072552577784734,False,True,
D_1379,1379,36,0,1.0,17,0.03915743587047826,False,True,
D_1380,1380,36,0,1.0,13,0.025998516102004224,False,True,
D_1381,1381,36,0,1.0,19,0.083573524220397,False,True,
D_1382,1382,36,0,1.0,16,0.0720640147523174,False,True,
D_1383,1383,36,0,1.0,18,0.058517032183421226,False,True,
D_1384,1384,36,0,1.0,19,0.08712104446624186,False,True,
D_1385,1385,36,0,1.0,18,0.07551365259603762,False,True,
D_1386,1386,36,0,1.0,15,0.07208358488502457,False,True,
D_1387,1387,36,0,1.0,17,0.0629863300865972,False,True,
D_1388,1388,36,0,1.0,14,0.03901102843435653,False,True,
D_1389,1389,36,0,1.0,13,0.02582311625914528,False,True,
D_1390,1390,36,0,1.0,17,0.0496407153180124,False,True,
D_1391,1391,36,0,1.0,17,0.06190830410602403,False,True,
D_1392,1392,36,0,1.0,18,0.05287793858395853,False,True,
D_1393,1393,36,0,1.0,24,0.056184468000012644,False,True,
D_1394,1394,36,0,1.0,19,0.013739867197949326,False,True,
D_1395,1395,36,0,1.0,19,0.012802964307601897,False,True,
D_1396,1396,36,0,1.0,24,0.09639381591634177,False,True,
D_1397,1397,36,0,1.0,25,0.06004555883495856,False,True,
D_1398,1398,36,0,1.0,24,0.03575986223286633,False,True,
D_1399,1399,36,0,1.0,22,0.11304276476920877,False,True,
D_1400,1400,36,0,1.0,25,0.07421344758511852,False,True,
D_1401,1401,36,0,1.0,22,0.0647730308437961,False,True,
D_1402,1402,36,0,1.0,19,0.013999641750266427,False,True,
D_1403,1403,36,0,1.0,17,0.010884175567206625,False,True,
D_1404,1404,36,0,1.0,15,0.005084168116034207,False,True,
D_1405,1405,36,0,1.0,18,0.013848385385227327,False,True,
D_1406,1406,36,0,1.0,19,0.013506171428893793,False,True,
D_1407,1407,36,0,1.0,18,0.009596930772226779,False,True,
D_1408,1408,36,0,1.0,16,0.01249749974994999,False,True,
D_1409,1409,36,0,1.0,16,0.012970854079649327,False,True,
D_1410,1410,36,0,1.0,18,0.013244029635562381,False,True,
D_1413,1413,36,0,1.0,4,0.027389258255090865,False,True,
D_1441,1441,36,0,1.0,5,0.03166179299727778,False,True,
D_1442,1442,36,0,1.0,7,0.02207730740687497,False,True,
D_1443,1443,36,0,1.0,10,0.034468114028197584,False,True,
D_1444,1444,36,0,1.0,15,0.0198242470409187,False,True,
D_1446,1446,36,0,1.0,8,0.031135765143259955,False,True,
D_1447,1447,36,0,1.0,8,0.03450921810281934,False,True,
D_1451,1451,36,0,1.0,10,0.023485007667027814,False,True,
D_1452,1452,36,0,1.0,10,0.035243775736438825,False,True,
D_1453,1453,36,0,1.0,12,0.022657114758791414,False,True,
D_1455,1455,36,0,1.0,4,0.09336340041492187,False,True,
D_1457,1457,36,0,1.0,15,0.21611626830623323,False,True,
D_1458,1458,36,0,1.0,9,0.054326686710022075,False,True,
D_1459,1459,36,0,1.0,20,0.03770044167472226,False,True,
D_1460,1460,36,0,1.0,14,0.026920264064157127,False,True,
D_1461,1461,36,0,1.0,18,0.010032778070029722,True,False,AutoDP60 holdout (leakage guard)
D_1462,1462,36,0,1.0,12,0.05016369490072735,False,True,
D_1463,1463,36,0,1.0,6,0.07801303705546454,False,True,
D_1464,1464,36,0,1.0,8,0.0201707389691705,False,True,
D_1465,1465,36,0,1.0,6,0.08185675297338754,False,True,
D_1466,1466,36,0,1.0,14,0.10958083992438725,False,True,
D_1467,1467,36,0,1.0,2,0.002909904449327404,False,True,
D_1468,1468,36,0,1.0,12,0.07615080118194649,False,True,
D_1471,1471,36,0,1.0,18,0.04661928811866777,True,False,AutoDP60 holdout (leakage guard)
D_1472,1472,36,0,1.0,20,0.08987168875100479,False,True,
D_1473,1473,36,0,1.0,4,0.03077572195300047,False,True,
D_1475,1475,36,0,1.0,23,0.07420895590023127,False,True,
D_1476,1476,36,0,1.0,22,0.04443909690051466,False,True,
D_1477,1477,36,0,1.0,20,0.04268513597651216,False,True,
D_1478,1478,36,0,1.0,15,0.03672302066706359,False,True,
D_1479,1479,36,0,1.0,20,0.20683264637612722,False,True,
D_1480,1480,36,0,1.0,7,0.01421927081879304,False,True,
D_1506,1506,36,0,1.0,3,0.005850765328966683,False,True,
D_1507,1507,36,0,1.0,10,0.02267788053218593,False,True,
D_1508,1508,36,0,1.0,3,0.028268789432168907,False,True,
D_1509,1509,36,0,1.0,18,0.026321727400254978,False,True,
D_1510,1510,36,0,1.0,7,0.014674605189974226,False,True,
D_1511,1511,36,0,1.0,9,0.041069333250733815,False,True,
D_1512,1512,36,0,1.0,8,0.05130905961684965,False,True,
D_1513,1513,36,0,1.0,5,0.02793290019994785,False,True,
D_1514,1514,36,0,1.0,10,0.06605564720205555,False,True,
D_1515,1515,36,0,1.0,16,0.13870435125513372,False,True,
D_1516,1516,31,5,0.8611111111111112,6,0.12283505009457914,False,True,
D_1517,1517,36,0,1.0,4,0.06871842709362765,False,True,
D_1518,1518,31,5,0.8611111111111112,4,0.09291384513846394,False,True,
D_1519,1519,36,0,1.0,9,0.08694433351075638,False,True,
D_1520,1520,36,0,1.0,12,0.1505204912273206,False,True,
D_1523,1523,36,0,1.0,7,0.06861716745188763,False,True,
D_1524,1524,36,0,1.0,8,0.04147109844231588,False,True,
D_1525,1525,36,0,1.0,21,0.18066279507605146,False,True,
D_1526,1526,36,0,1.0,16,0.09220115221154129,False,True,
D_1527,1527,36,0,1.0,7,0.004529191231213626,False,True,
D_1528,1528,36,0,1.0,6,0.00447964365175347,False,True,
D_1529,1529,36,0,1.0,5,0.003898166586344747,False,True,
D_1530,1530,36,0,1.0,3,0.0014553087519606977,False,True,
D_1531,1531,36,0,1.0,7,0.0025800456977482294,False,True,
D_1532,1532,36,0,1.0,7,0.0031972210155418158,False,True,
D_1533,1533,36,0,1.0,5,0.0009761824106003108,False,True,
D_1534,1534,36,0,1.0,3,0.001666666666666668,False,True,
D_1535,1535,36,0,1.0,5,0.0018223577185396377,False,True,
D_1536,1536,36,0,1.0,8,0.0029402485827553894,False,True,
D_1537,1537,36,0,1.0,3,0.0011259426777506256,False,True,
D_1538,1538,36,0,1.0,4,0.001013413130386373,False,True,
D_1539,1539,36,0,1.0,6,0.0014142135623730961,False,True,
D_1540,1540,36,0,1.0,1,5.551115123125783e-16,False,True,
D_1541,1541,36,0,1.0,4,0.0007915448249319456,False,True,
D_1542,1542,36,0,1.0,3,0.0015681069104851884,False,True,
D_1543,1543,36,0,1.0,4,0.005733924076545326,False,True,
D_1544,1544,36,0,1.0,3,0.002462414435310377,False,True,
D_1545,1545,36,0,1.0,4,0.007657744086766738,False,True,
D_1546,1546,36,0,1.0,5,0.007257925825589031,False,True,
D_1547,1547,36,0,1.0,6,0.005187458165828643,False,True,
D_1548,1548,36,0,1.0,21,0.03297174248457512,False,True,
D_1549,1549,36,0,1.0,14,0.03762997593891387,False,True,
D_1551,1551,36,0,1.0,12,0.038955486130856566,False,True,
D_1552,1552,36,0,1.0,16,0.024815344472598904,False,True,
D_1553,1553,36,0,1.0,11,0.02386567452976968,False,True,
D_1554,1554,36,0,1.0,10,0.01961827064778842,False,True,
D_1555,1555,36,0,1.0,16,0.04099081499043714,False,True,
D_1556,1556,36,0,1.0,5,0.04839015037121962,False,True,
D_1557,1557,36,0,1.0,21,0.022746986640395164,False,True,
D_1558,1558,36,0,1.0,15,0.00717700610871083,False,True,
D_1559,1559,36,0,1.0,5,0.032412872861094545,False,True,
D_1560,1560,36,0,1.0,17,0.06512498220763517,False,True,
D_1562,1562,36,0,1.0,5,0.06850948522171536,False,True,
D_1563,1563,36,0,1.0,4,0.10698707493264997,False,True,
D_1564,1564,36,0,1.0,4,0.08786703074765849,False,True,
D_1565,1565,36,0,1.0,6,0.02673271104817024,False,True,
D_1566,1566,36,0,1.0,11,0.23256951586255895,False,True,
D_1567,1567,36,0,1.0,6,0.006075908711186066,False,True,
D_1568,1568,36,0,1.0,13,0.17713237665098017,False,True,
D_1569,1569,36,0,1.0,7,0.002563393776679853,False,True,
D_1590,1590,36,0,1.0,21,0.01604591694535665,False,True,
D_1596,1596,36,0,1.0,20,0.03513764819944063,False,True,
D_1597,1597,26,10,0.7222222222222222,4,0.0010582166532459704,False,True,
D_4134,4134,36,0,1.0,14,0.035066621521692626,False,True,
D_4135,4135,36,0,1.0,4,0.0006821127309893715,False,True,
D_4153,4153,36,0,1.0,6,0.1493010694129361,False,True,
D_4154,4154,31,5,0.8611111111111112,2,0.00039507899077148074,False,True,
D_4329,4329,36,0,1.0,2,0.002436823655802391,False,True,
D_4340,4340,36,0,1.0,6,0.07676018337284707,False,True,
D_4534,4534,36,0,1.0,14,0.012290340480873697,False,True,
D_4538,4538,36,0,1.0,17,0.04767974438575943,False,True,
D_4552,4552,35,1,0.9722222222222222,22,0.07840374834854542,False,True,
D_6332,6332,36,0,1.0,16,0.04158084439909716,False,True,
D_23380,23380,33,3,0.9166666666666666,24,0.2961415114332178,False,True,
D_23381,23381,36,0,1.0,11,0.02628635049264583,False,True,
D_23499,23499,36,0,1.0,5,0.01297291352244248,False,True,
D_23512,23512,36,0,1.0,17,0.02408490319117756,False,True,
D_23517,23517,36,0,1.0,9,0.0032587725857187574,False,True,
D_40474,40474,36,0,1.0,18,0.016541227092331478,False,True,
D_40475,40475,36,0,1.0,18,0.016541227092331478,False,True,
D_40476,40476,36,0,1.0,18,0.016541227092331478,False,True,
D_40477,40477,36,0,1.0,18,0.016541227092331478,False,True,
D_40478,40478,36,0,1.0,18,0.016541227092331478,False,True,
D_40496,40496,36,0,1.0,11,0.20320730763568323,False,True,
D_40497,40497,31,5,0.8611111111111112,7,0.012994298247567856,False,True,
D_40498,40498,36,0,1.0,21,0.028463526318062142,False,True,
D_40499,40499,36,0,1.0,20,0.05353234714971897,False,True,
D_40514,40514,36,0,1.0,21,0.018259510459544714,False,True,
D_40515,40515,36,0,1.0,15,0.05772000316555865,False,True,
D_40516,40516,36,0,1.0,15,0.055455576704731155,False,True,
D_40517,40517,36,0,1.0,10,0.015604387638745902,False,True,
D_40518,40518,36,0,1.0,15,0.014731836483373001,False,True,
D_40519,40519,36,0,1.0,17,0.09723410641651047,False,True,
D_40520,40520,36,0,1.0,25,0.04090989609819894,False,True,
D_40536,40536,36,0,1.0,17,0.007664854858377953,False,True,
D_40646,40646,36,0,1.0,11,0.014010696334810264,False,True,
D_40647,40647,36,0,1.0,12,0.021012503568844685,False,True,
D_40648,40648,36,0,1.0,9,0.013493727466543759,False,True,
D_40650,40650,36,0,1.0,11,0.028355005158092136,False,True,
D_40660,40660,36,0,1.0,4,0.08072035080630877,False,True,
D_40663,40663,35,1,0.9722222222222222,13,0.12068046863599793,False,True,
D_40664,40664,36,0,1.0,11,0.04901651832630788,False,True,
D_40665,40665,36,0,1.0,6,0.06798906564753758,False,True,
D_40666,40666,36,0,1.0,10,0.04552250664353964,False,True,
D_40681,40681,36,0,1.0,6,0.049226521510719115,False,True,
D_40682,40682,36,0,1.0,10,0.09753452377316417,False,True,
D_40683,40683,36,0,1.0,4,0.025451269293936173,False,True,
D_40685,40685,36,0,1.0,18,0.03171468094832927,False,True,
D_40686,40686,36,0,1.0,13,0.12665300744535263,False,True,
D_40687,40687,36,0,1.0,16,0.08156403402857351,False,True,
D_40690,40690,36,0,1.0,7,0.06033463003009408,False,True,
D_40691,40691,36,0,1.0,16,0.04109305686994661,False,True,
D_40693,40693,36,0,1.0,8,0.059099472280230714,False,True,
D_40700,40700,36,0,1.0,9,0.02607427657027062,False,True,
D_40701,40701,36,0,1.0,13,0.0034318767136623366,False,True,
D_40702,40702,36,0,1.0,5,0.004161791158328508,False,True,
D_40713,40713,36,0,1.0,2,0.00021766297951068218,False,True,
D_40714,40714,36,0,1.0,4,0.09999685054249326,False,True,
D_40900,40900,36,0,1.0,7,0.003507927529974868,False,True,
D_40910,40910,36,0,1.0,6,0.0016127887146664209,False,True,
D_40923,40923,36,0,1.0,18,0.13363371257209936,False,True,
D_40926,40926,36,0,1.0,18,0.04617960107618466,False,True,
D_40927,40927,36,0,1.0,17,0.04515859398952884,False,True,
D_40966,40966,36,0,1.0,22,0.1135253220137955,False,True,
D_40971,40971,36,0,1.0,16,0.051889453958379295,False,True,
D_40975,40975,36,0,1.0,8,0.08192645065722824,False,True,
D_40978,40978,36,0,1.0,17,0.01476561425168835,False,True,
D_40979,40979,36,0,1.0,10,0.04818999138889454,False,True,
D_41168,41168,36,0,1.0,15,0.021516341048114236,False,True,
D_41169,41169,36,0,1.0,20,0.02543995593598172,False,True,
D_41496,41496,36,0,1.0,1,0.0,False,True,
D_41526,41526,36,0,1.0,20,0.012244014662753743,False,True,
D_41671,41671,36,0,1.0,15,0.02792726443397977,False,True,
